Domain,DNS IP,Status
stiftung-bildung-egitim.de,188.34.138.254,OK - IST UMGEZOGEN
stiftung-bildung-egitim.org,188.34.138.254,OK - IST UMGEZOGEN
stiftung-bildung-egitim.com,188.34.138.254,OK - IST UMGEZOGEN
gastromarkt-aachen.de,188.34.138.254,OK - IST UMGEZOGEN
gastro-service.cc,188.34.138.254,OK - IST UMGEZOGEN
deko-hensel.de,188.34.138.254,OK - IST UMGEZOGEN
fiebus.de,188.34.138.254,OK - IST UMGEZOGEN
hexenhof-aachen.de,75.2.70.75,EXTERN - UNBEKANNTE IP
hexenhof-am-apfelbaum.de,99.83.190.102,EXTERN - UNBEKANNTE IP
evia-logistik.de,188.34.138.254,OK - IST UMGEZOGEN
evia-versand.de,188.34.138.254,OK - IST UMGEZOGEN
evia-gmbh.de,188.34.138.254,OK - IST UMGEZOGEN
evia-sports.de,188.34.138.254,OK - IST UMGEZOGEN
evia-services.de,188.34.138.254,OK - IST UMGEZOGEN
schlafhelden.eu,Nicht gefunden,FEHLER - DOMAIN NICHT GEFUNDEN
schaefer-fulfillment.de,188.34.138.254,OK - IST UMGEZOGEN
evia-naturalis.com,188.34.138.254,OK - IST UMGEZOGEN
evia-naturalis.de,188.34.138.254,OK - IST UMGEZOGEN
keppler-courte.com,Nicht gefunden,FEHLER - DOMAIN NICHT GEFUNDEN
quandel-courte.com,188.34.138.254,OK - IST UMGEZOGEN
freiraeume-im-lagerhaus.com,188.34.138.254,OK - IST UMGEZOGEN
courte-sv.com,188.34.138.254,OK - IST UMGEZOGEN
versconcept.com,188.34.138.254,OK - IST UMGEZOGEN
courte-ci.com,188.34.138.254,OK - IST UMGEZOGEN
courte-consult.com,188.34.138.254,OK - IST UMGEZOGEN
familie-courte.com,188.34.138.254,OK - IST UMGEZOGEN
immobilienversicherer.com,188.34.138.254,OK - IST UMGEZOGEN
dergebaeudeversicherer.com,188.34.138.254,OK - IST UMGEZOGEN
dergebaeudeversicherer.de,188.34.138.254,OK - IST UMGEZOGEN
derimmobilienversicherer.com,188.34.138.254,OK - IST UMGEZOGEN
derimmobilienversicherer.de,46.4.25.154,EXTERN - UNBEKANNTE IP
finanzierungsberatung-courte.com,188.34.138.254,OK - IST UMGEZOGEN
meinke-courte.com,188.34.138.254,OK - IST UMGEZOGEN
whitmire-courte.com,188.34.138.254,OK - IST UMGEZOGEN
sous-courte.com,188.34.138.254,OK - IST UMGEZOGEN
nussbaum-courte.com,188.34.138.254,OK - IST UMGEZOGEN
schindler-courte.com,188.34.138.254,OK - IST UMGEZOGEN
kratzenberg-courte.com,188.34.138.254,OK - IST UMGEZOGEN
schulte-courte.com,188.34.138.254,OK - IST UMGEZOGEN
courte-gruppe.com,188.34.138.254,OK - IST UMGEZOGEN
setzakzente.de,188.34.138.254,OK - IST UMGEZOGEN
courte.com,188.34.138.254,OK - IST UMGEZOGEN
metjemaaht.com,188.34.138.254,OK - IST UMGEZOGEN
metjemaaht.de,188.34.138.254,OK - IST UMGEZOGEN
vinicultor.eu,188.34.138.254,OK - IST UMGEZOGEN
schaden.plus,188.34.138.254,OK - IST UMGEZOGEN
gak.ac,188.34.138.254,OK - IST UMGEZOGEN
brotlose-kunst.info,188.34.138.254,OK - IST UMGEZOGEN
boris-bongers.de,188.34.138.254,OK - IST UMGEZOGEN
paragus.de,188.34.138.254,OK - IST UMGEZOGEN
paragus-prinzipien.de,188.34.138.254,OK - IST UMGEZOGEN
boot-mieten-port-soller.de,188.34.138.254,OK - IST UMGEZOGEN
cafe-elisenbrunnen.de,188.40.109.176,ALT - NOCH ALTER DNS
cafe-elysee-aachen.de,188.40.109.176,ALT - NOCH ALTER DNS
cafeelysee.de,188.40.109.176,ALT - NOCH ALTER DNS
cafelysee.de,188.40.109.176,ALT - NOCH ALTER DNS
elise-aachen.de,188.34.138.254,OK - IST UMGEZOGEN
elysee-aachen.com,188.34.138.254,OK - IST UMGEZOGEN
elysee-aachen.de,188.34.138.254,OK - IST UMGEZOGEN
kaffee-elisenbrunnen.de,188.34.138.254,OK - IST UMGEZOGEN
merhof-montagen.de,188.34.138.254,OK - IST UMGEZOGEN
rebel-ibiza.com,188.34.138.254,OK - IST UMGEZOGEN
weinhandel-aachen.de,188.34.138.254,OK - IST UMGEZOGEN
fahrschule-nellessen.de,188.34.138.254,OK - IST UMGEZOGEN
mas24.de,188.40.109.176,ALT - NOCH ALTER DNS
praxis-emonts.de,188.34.138.254,OK - IST UMGEZOGEN
oecherpenn.de,188.34.138.254,OK - IST UMGEZOGEN
feuerwehr-guenterod.de,188.40.109.176,ALT - NOCH ALTER DNS
gerards-holding.com,188.40.109.176,ALT - NOCH ALTER DNS
kratz-transporte.com,188.40.109.176,ALT - NOCH ALTER DNS
sle.ac,188.34.138.254,OK - IST UMGEZOGEN
mallorca.ac,188.34.138.254,OK - IST UMGEZOGEN
mallorca-express.partners,188.34.138.254,OK - IST UMGEZOGEN
100-mit-dir.de,188.34.138.254,OK - IST UMGEZOGEN
100-mit-dir.ac,188.34.138.254,OK - IST UMGEZOGEN
classicbunker.de,188.34.138.254,OK - IST UMGEZOGEN
motorworld-aachen.de,188.34.138.254,OK - IST UMGEZOGEN
depot-88.de,188.34.138.254,OK - IST UMGEZOGEN
meilenwerk-aachen.de,188.34.138.254,OK - IST UMGEZOGEN
klassik-remise-schumacher.de,188.34.138.254,OK - IST UMGEZOGEN
klassik-remise-aachen.de,188.34.138.254,OK - IST UMGEZOGEN
classic-remise-aachen.de,188.34.138.254,OK - IST UMGEZOGEN
schumacher-classics.com,188.34.138.254,OK - IST UMGEZOGEN
schumacher-classics.de,188.34.138.254,OK - IST UMGEZOGEN
oldtimer-t6.de,188.34.138.254,OK - IST UMGEZOGEN
excellent-mallorca-transporte.com,188.40.109.176,ALT - NOCH ALTER DNS
scuderia-schumacher.com,188.34.138.254,OK - IST UMGEZOGEN
mallorca-logistics.com,188.34.138.254,OK - IST UMGEZOGEN
mallorca-logispeed.de,188.34.138.254,OK - IST UMGEZOGEN
internationale-kuehltransporte.de,188.34.138.254,OK - IST UMGEZOGEN
spedition-schumacher-ac.de,188.34.138.254,OK - IST UMGEZOGEN
spedition-schumacher.eu,188.34.138.254,OK - IST UMGEZOGEN
lagerundlogistik.com,188.34.138.254,OK - IST UMGEZOGEN
schumi-ac.de,188.34.138.254,OK - IST UMGEZOGEN
kle.ac,188.34.138.254,OK - IST UMGEZOGEN
t6-aachen.de,188.34.138.254,OK - IST UMGEZOGEN
sll.lu,188.34.138.254,OK - IST UMGEZOGEN
scuderia-schumacher.de,188.34.138.254,OK - IST UMGEZOGEN
schumacher-racing.de,188.40.109.176,ALT - NOCH ALTER DNS
schumacher-racing.com,188.34.138.254,OK - IST UMGEZOGEN
schumacher.ac,188.40.109.176,ALT - NOCH ALTER DNS
Ibiza-Logistik.com,188.40.109.176,ALT - NOCH ALTER DNS
Ibiza-Logistics.com,188.40.109.176,ALT - NOCH ALTER DNS
Ibiza-Transports.com,188.40.109.176,ALT - NOCH ALTER DNS
Ibiza-Logispeed.com,188.40.109.176,ALT - NOCH ALTER DNS
transportemallorca.de,188.34.138.254,OK - IST UMGEZOGEN
transport-mallorca.eu,188.34.138.254,OK - IST UMGEZOGEN
transport-mallorca.de,188.34.138.254,OK - IST UMGEZOGEN
mallorca-transport.org,188.34.138.254,OK - IST UMGEZOGEN
mallorca-transport.info,188.34.138.254,OK - IST UMGEZOGEN
balearen-transporte.eu,188.34.138.254,OK - IST UMGEZOGEN
balearen-transporte.de,188.34.138.254,OK - IST UMGEZOGEN
mallorca-logispeed.com,188.40.109.176,ALT - NOCH ALTER DNS
happynotes.info,188.34.138.254,OK - IST UMGEZOGEN
ahgeb.de,188.34.138.254,OK - IST UMGEZOGEN
aixviva.de,188.34.138.254,OK - IST UMGEZOGEN
aaixviva.de,188.34.138.254,OK - IST UMGEZOGEN
petitfilou-aachen.de,188.34.138.254,OK - IST UMGEZOGEN
pro-personal-team.com,Nicht gefunden,FEHLER - DOMAIN NICHT GEFUNDEN
personal-team.de,142.132.181.81,EXTERN - UNBEKANNTE IP
personal-team.com,Nicht gefunden,FEHLER - DOMAIN NICHT GEFUNDEN
pro-personal-team.de,188.34.138.254,OK - IST UMGEZOGEN
wirkoennenlebensmittel.de,188.34.138.254,OK - IST UMGEZOGEN
wir-koennen-lebensmittel.de,188.34.138.254,OK - IST UMGEZOGEN
schumacher-consult.ac,188.34.138.254,OK - IST UMGEZOGEN
